<?xml version="1.0" encoding="UTF-8"?>
<project-private xmlns="http://www.netbeans.org/ns/project-private/1">
    <editor-bookmarks xmlns="http://www.netbeans.org/ns/editor-bookmarks/2" lastBookmarkId="0"/>
    <open-files xmlns="http://www.netbeans.org/ns/projectui-open-files/2">
        <group>
            <file>file:/home/sid/Documents/Pendrive%20backup/9bcib7dth8q80soo/DBCreator/src/dbcreator/DBCreator.java</file>
            <file>file:/home/sid/Documents/Pendrive%20backup/9bcib7dth8q80soo/DBCreator/src/dbcreator/FileIO.java</file>
        </group>
    </open-files>
</project-private>
