<Candidates>
<HB>
<HBNo>
3
</HBNo>
<HB0>
<HB0Votes>
6
</HB0Votes>
Aakash
</HB0>
<HB1>
<HB1Votes>
2
</HB1Votes>
Indranil
</HB1>
<HB2>
<HB2Votes>
1
</HB2Votes>
Siddharth
</HB2>
</HB>
<HG>
<HGNo>
3
</HGNo>
<HG0>
<HG0Votes>
5
</HG0Votes>
Apsaraa
</HG0>
<HG1>
<HG1Votes>
2
</HG1Votes>
Varsha
</HG1>
<HG2>
<HG2Votes>
2
</HG2Votes>
Soumya
</HG2>
</HG>
<Cul>
<CulNo>
3
</CulNo>
<Cul0>
<Cul0Votes>
6
</Cul0Votes>
Diya
</Cul0>
<Cul1>
<Cul1Votes>
2
</Cul1Votes>
Girish
</Cul1>
<Cul2>
<Cul2Votes>
1
</Cul2Votes>
Param
</Cul2>
</Cul>
<ACul>
<ACulNo>
3
</ACulNo>
<ACul0>
<ACul0Votes>
5
</ACul0Votes>
Ananya
</ACul0>
<ACul1>
<ACul1Votes>
2
</ACul1Votes>
Sanjay
</ACul1>
<ACul2>
<ACul2Votes>
2
</ACul2Votes>
Somaiya
</ACul2>
</ACul>
<SC>
<SCNo>
3
</SCNo>
<SC0>
<SC0Votes>
6
</SC0Votes>
Jaya
</SC0>
<SC1>
<SC1Votes>
3
</SC1Votes>
Harshit
</SC1>
<SC2>
<SC2Votes>
0
</SC2Votes>
Anurag
</SC2>
</SC>
<ASC>
<ASCNo>
3
</ASCNo>
<ASC0>
<ASC0Votes>
7
</ASC0Votes>
Mandeep
</ASC0>
<ASC1>
<ASC1Votes>
2
</ASC1Votes>
Ajith
</ASC1>
<ASC2>
<ASC2Votes>
0
</ASC2Votes>
Johanan
</ASC2>
</ASC>
<BHC>
<BHCNo>
3
</BHCNo>
<BHC0>
<BHC0Votes>
5
</BHC0Votes>
Sukhpreet
</BHC0>
<BHC1>
<BHC1Votes>
1
</BHC1Votes>
Ashwin
</BHC1>
<BHC2>
<BHC2Votes>
0
</BHC2Votes>
Sridhar
</BHC2>
</BHC>
<ABHC>
<ABHCNo>
3
</ABHCNo>
<ABHC0>
<ABHC0Votes>
5
</ABHC0Votes>
Ayesha
</ABHC0>
<ABHC1>
<ABHC1Votes>
1
</ABHC1Votes>
Ajai
</ABHC1>
<ABHC2>
<ABHC2Votes>
0
</ABHC2Votes>
Shruthi
</ABHC2>
</ABHC>
<GHC>
<GHCNo>
3
</GHCNo>
<GHC0>
<GHC0Votes>
0
</GHC0Votes>
Swathi
</GHC0>
<GHC1>
<GHC1Votes>
0
</GHC1Votes>
Shruthi
</GHC1>
<GHC2>
<GHC2Votes>
0
</GHC2Votes>
Rhiya
</GHC2>
</GHC>
<AGHC>
<AGHCNo>
3
</AGHCNo>
<AGHC0>
<AGHC0Votes>
0
</AGHC0Votes>
Sidharth R
</AGHC0>
<AGHC1>
<AGHC1Votes>
0
</AGHC1Votes>
Aakash
</AGHC1>
<AGHC2>
<AGHC2Votes>
0
</AGHC2Votes>
Sahil
</AGHC2>
</AGHC>
<RHC>
<RHCNo>
3
</RHCNo>
<RHC0>
<RHC0Votes>
1
</RHC0Votes>
Sarah
</RHC0>
<RHC1>
<RHC1Votes>
1
</RHC1Votes>
Kriti
</RHC1>
<RHC2>
<RHC2Votes>
1
</RHC2Votes>
Rachel
</RHC2>
</RHC>
<ARHC>
<ARHCNo>
3
</ARHCNo>
<ARHC0>
<ARHC0Votes>
1
</ARHC0Votes>
Himavanth
</ARHC0>
<ARHC1>
<ARHC1Votes>
2
</ARHC1Votes>
Mandeep
</ARHC1>
<ARHC2>
<ARHC2Votes>
0
</ARHC2Votes>
Terijo
</ARHC2>
</ARHC>
<YHC>
<YHCNo>
3
</YHCNo>
<YHC0>
<YHC0Votes>
0
</YHC0Votes>
Rohith
</YHC0>
<YHC1>
<YHC1Votes>
0
</YHC1Votes>
Eshaan
</YHC1>
<YHC2>
<YHC2Votes>
0
</YHC2Votes>
Nitin
</YHC2>
</YHC>
<AYHC>
<AYHCNo>
3
</AYHCNo>
<AYHC0>
<AYHC0Votes>
0
</AYHC0Votes>
Manav
</AYHC0>
<AYHC1>
<AYHC1Votes>
0
</AYHC1Votes>
Priyamvada
</AYHC1>
<AYHC2>
<AYHC2Votes>
0
</AYHC2Votes>
Sudarshan
</AYHC2>
</AYHC>
</Candidates>
