<Candidates>
<HB>
<HBNo>
2
</HBNo>
<HB0>
<HB0Votes>
0
</HB0Votes>
a
<HB0Image>
cand1.png
</HB0Image>
<HB0Slogan>
GNU is not Unix!
</HB0Slogan>
</HB0>
<HB1>
<HB1Votes>
0
</HB1Votes>
b
<HB1Image>
cand2.png
</HB1Image>
<HB1Slogan>
Wine Is Not an Emulator!
</HB1Slogan>
</HB1>
</HB>
<HG>
<HGNo>
2
</HGNo>
<HG0>
<HG0Votes>
0
</HG0Votes>
a
<HG0Image>
cand1.png
</HG0Image>
<HG0Slogan>
GNU is Not Unix!
</HG0Slogan>
</HG0>
<HG1>
<HG1Votes>
0
</HG1Votes>
b
<HG1Image>
cand2.png
</HG1Image>
<HG1Slogan>
Wine Is Not an Emulator!
</HG1Slogan>
</HG1>
</HG>
<Cul>
<CulNo>
2
</CulNo>
<Cul0>
<Cul0Votes>
0
</Cul0Votes>
a
<Cul0Image>
cand1.png
</Cul0Image>
<Cul0Slogan>
GNU is not Unix!
</Cul0Slogan>
</Cul0>
<Cul1>
<Cul1Votes>
0
</Cul1Votes>
b
<Cul1Image>
cand2.png
</Cul1Image>
<Cul1Slogan>
Wine Is Not an Emulator!
</Cul1Slogan>
</Cul1>
</Cul>
<ACul>
<ACulNo>
2
</ACulNo>
<ACul0>
<ACul0Votes>
0
</ACul0Votes>
a
<ACul0Image>
cand1.png
</ACul0Image>
<ACul0Slogan>
GNU is Not Unix!
</ACul0Slogan>
</ACul0>
<ACul1>
<ACul1Votes>
0
</ACul1Votes>
b
<ACul1Image>
cand2.png
</ACul1Image>
<ACul1Slogan>
Wine Is Not an Emulator!
</ACul1Slogan>
</ACul1>
</ACul>
<SC>
<SCNo>
2
</SCNo>
<SC0>
<SC0Votes>
0
</SC0Votes>
a
<SC0Image>
cand1.png
</SC0Image>
<SC0Slogan>
GNU is not Unix!
</SC0Slogan>
</SC0>
<SC1>
<SC1Votes>
0
</SC1Votes>
b
<SC1Image>
cand2.png
</SC1Image>
<SC1Slogan>
Wine Is Not an Emulator!
</SC1Slogan>
</SC1>
</SC>
<ASC>
<ASCNo>
2
</ASCNo>
<ASC0>
<ASC0Votes>
0
</ASC0Votes>
a
<ASC0Image>
cand1.png
</ASC0Image>
<ASC0Slogan>
GNU is not Unix!
</ASC0Slogan>
</ASC0>
<ASC1>
<ASC1Votes>
0
</ASC1Votes>
b
<ASC1Image>
cand2.png
</ASC1Image>
<ASC1Slogan>
Wine Is Not an Emulator!
</ASC1Slogan>
</ASC1>
</ASC>
<BHC>
<BHCNo>
2
</BHCNo>
<BHC0>
<BHC0Votes>
0
</BHC0Votes>
a
<BHC0Image>
cand1.png
</BHC0Image>
<BHC0Slogan>
GNU is Not Unix!
</BHC0Slogan>
</BHC0>
<BHC1>
<BHC1Votes>
0
</BHC1Votes>
b
<BHC1Image>
cand2.png
</BHC1Image>
<BHC1Slogan>
Wine Is Not an Emulator!
</BHC1Slogan>
</BHC1>
</BHC>
<ABHC>
<ABHCNo>
2
</ABHCNo>
<ABHC0>
<ABHC0Votes>
0
</ABHC0Votes>
a
<ABHC0Image>
cand1.png
</ABHC0Image>
<ABHC0Slogan>
GNU is Not Unix!
</ABHC0Slogan>
</ABHC0>
<ABHC1>
<ABHC1Votes>
0
</ABHC1Votes>
b
<ABHC1Image>
cand2.png
</ABHC1Image>
<ABHC1Slogan>
Wine Is Not an Emulator!
</ABHC1Slogan>
</ABHC1>
</ABHC>
<GHC>
<GHCNo>
2
</GHCNo>
<GHC0>
<GHC0Votes>
0
</GHC0Votes>
a
<GHC0Image>
cand1.png
</GHC0Image>
<GHC0Slogan>
GNU is Not Unix!
</GHC0Slogan>
</GHC0>
<GHC1>
<GHC1Votes>
0
</GHC1Votes>
b
<GHC1Image>
cand2.png
</GHC1Image>
<GHC1Slogan>
Wine Is Not an Emulator!
</GHC1Slogan>
</GHC1>
</GHC>
<AGHC>
<AGHCNo>
2
</AGHCNo>
<AGHC0>
<AGHC0Votes>
0
</AGHC0Votes>
a
<AGHC0Image>
cand1.png
</AGHC0Image>
<AGHC0Slogan>
GNU is Not Unix!
</AGHC0Slogan>
</AGHC0>
<AGHC1>
<AGHC1Votes>
0
</AGHC1Votes>
b
<AGHC1Image>
cand2.png
</AGHC1Image>
<AGHC1Slogan>
Wine Is Not an Emulator!
</AGHC1Slogan>
</AGHC1>
</AGHC>
<RHC>
<RHCNo>
2
</RHCNo>
<RHC0>
<RHC0Votes>
0
</RHC0Votes>
a
<RHC0Image>
cand1.png
</RHC0Image>
<RHC0Slogan>
GNU is Not Unix!
</RHC0Slogan>
</RHC0>
<RHC1>
<RHC1Votes>
0
</RHC1Votes>
b
<RHC1Image>
cand2.png
</RHC1Image>
<RHC1Slogan>
Wine Is Not an Emulator!
</RHC1Slogan>
</RHC1>
</RHC>
<ARHC>
<ARHCNo>
2
</ARHCNo>
<ARHC0>
<ARHC0Votes>
0
</ARHC0Votes>
a
<ARHC0Image>
cand1.png
</ARHC0Image>
<ARHC0Slogan>
GNU is not Unix!
</ARHC0Slogan>
</ARHC0>
<ARHC1>
<ARHC1Votes>
0
</ARHC1Votes>
b
<ARHC1Image>
cand2.png
</ARHC1Image>
<ARHC1Slogan>
Wine Is Not an Emulator!
</ARHC1Slogan>
</ARHC1>
</ARHC>
<YHC>
<YHCNo>
2
</YHCNo>
<YHC0>
<YHC0Votes>
0
</YHC0Votes>
a
<YHC0Image>
cand1.png
</YHC0Image>
<YHC0Slogan>
GNU is not Unix
</YHC0Slogan>
</YHC0>
<YHC1>
<YHC1Votes>
0
</YHC1Votes>
b
<YHC1Image>
cand2.png
</YHC1Image>
<YHC1Slogan>
Wine Is Not an Emulator!
</YHC1Slogan>
</YHC1>
</YHC>
<AYHC>
<AYHCNo>
2
</AYHCNo>
<AYHC0>
<AYHC0Votes>
0
</AYHC0Votes>
a
<AYHC0Image>
cand1.png
</AYHC0Image>
<AYHC0Slogan>
GNU is Not Unix!
</AYHC0Slogan>
</AYHC0>
<AYHC1>
<AYHC1Votes>
0
</AYHC1Votes>
b
<AYHC1Image>
cand2.png
</AYHC1Image>
<AYHC1Slogan>
Wine Is Not an Emulator!
</AYHC1Slogan>
</AYHC1>
</AYHC>
</Candidates>
