<Candidates>
<HB>
<HBNo>
5
</HBNo>
<HB0>
<HB0Votes>
0
</HB0Votes>
Aakash
</HB0>
<HB1>
<HB1Votes>
0
</HB1Votes>
Sid
</HB1>
<HB2>
<HB2Votes>
0
</HB2Votes>
Fathim
</HB2>
<HB3>
<HB3Votes>
0
</HB3Votes>
Odonil
</HB3>
<HB4>
<HB4Votes>
0
</HB4Votes>
Eshaan
</HB4>
</HB>
<HG>
<HGNo>
1
</HGNo>
<HG0>
<HG0Votes>
0
</HG0Votes>
Fathima
</HG0>
</HG>
<Cul>
<CulNo>
1
</CulNo>
<Cul0>
<Cul0Votes>
0
</Cul0Votes>
Venus
</Cul0>
</Cul>
<ACul>
<ACulNo>
5
</ACulNo>
<ACul0>
<ACul0Votes>
0
</ACul0Votes>
Nidhi
</ACul0>
<ACul1>
<ACul1Votes>
0
</ACul1Votes>
Apsaraa
</ACul1>
<ACul2>
<ACul2Votes>
0
</ACul2Votes>
Priyamvada
</ACul2>
<ACul3>
<ACul3Votes>
0
</ACul3Votes>
Ankita
</ACul3>
<ACul4>
<ACul4Votes>
0
</ACul4Votes>
Rishika
</ACul4>
</ACul>
<SC>
<SCNo>
4
</SCNo>
<SC0>
<SC0Votes>
0
</SC0Votes>
Harshit
</SC0>
<SC1>
<SC1Votes>
0
</SC1Votes>
Apsaraa
</SC1>
<SC2>
<SC2Votes>
0
</SC2Votes>
Khushi
</SC2>
<SC3>
<SC3Votes>
0
</SC3Votes>
Siddharth Sridharan
</SC3>
</SC>
<ASC>
<ASCNo>
4
</ASCNo>
<ASC0>
<ASC0Votes>
0
</ASC0Votes>
Mandeep
</ASC0>
<ASC1>
<ASC1Votes>
0
</ASC1Votes>
Ajith
</ASC1>
<ASC2>
<ASC2Votes>
0
</ASC2Votes>
Nitin
</ASC2>
<ASC3>
<ASC3Votes>
0
</ASC3Votes>
Sidharth
</ASC3>
</ASC>
<BHC>
<BHCNo>
5
</BHCNo>
<BHC0>
<BHC0Votes>
0
</BHC0Votes>
Eshaan
</BHC0>
<BHC1>
<BHC1Votes>
0
</BHC1Votes>
Nair
</BHC1>
<BHC2>
<BHC2Votes>
0
</BHC2Votes>
Sid
</BHC2>
<BHC3>
<BHC3Votes>
0
</BHC3Votes>
Manav
</BHC3>
<BHC4>
<BHC4Votes>
0
</BHC4Votes>
Kavin
</BHC4>
</BHC>
<ABHC>
<ABHCNo>
1
</ABHCNo>
<ABHC0>
<ABHC0Votes>
0
</ABHC0Votes>
Ayesha
</ABHC0>
</ABHC>
<GHC>
<GHCNo>
2
</GHCNo>
<GHC0>
<GHC0Votes>
0
</GHC0Votes>
Shruthi Ganesan
</GHC0>
<GHC1>
<GHC1Votes>
0
</GHC1Votes>
Anna Thoma
</GHC1>
</GHC>
<AGHC>
<AGHCNo>
2
</AGHCNo>
<AGHC0>
<AGHC0Votes>
0
</AGHC0Votes>
Bhavadharani
</AGHC0>
<AGHC1>
<AGHC1Votes>
0
</AGHC1Votes>
Bhuvana
</AGHC1>
</AGHC>
<RHC>
<RHCNo>
2
</RHCNo>
<RHC0>
<RHC0Votes>
0
</RHC0Votes>
Nair
</RHC0>
<RHC1>
<RHC1Votes>
0
</RHC1Votes>
Aakash
</RHC1>
</RHC>
<ARHC>
<ARHCNo>
2
</ARHCNo>
<ARHC0>
<ARHC0Votes>
0
</ARHC0Votes>
Elisha
</ARHC0>
<ARHC1>
<ARHC1Votes>
0
</ARHC1Votes>
Param
</ARHC1>
</ARHC>
<YHC>
<YHCNo>
3
</YHCNo>
<YHC0>
<YHC0Votes>
0
</YHC0Votes>
Rhiya J
</YHC0>
<YHC1>
<YHC1Votes>
0
</YHC1Votes>
Somaiya Ahmed
</YHC1>
<YHC2>
<YHC2Votes>
0
</YHC2Votes>
Yashaswini
</YHC2>
</YHC>
<AYHC>
<AYHCNo>
3
</AYHCNo>
<AYHC0>
<AYHC0Votes>
0
</AYHC0Votes>
Shreya
</AYHC0>
<AYHC1>
<AYHC1Votes>
0
</AYHC1Votes>
Venus
</AYHC1>
<AYHC2>
<AYHC2Votes>
0
</AYHC2Votes>
Nitin
</AYHC2>
</AYHC>
</Candidates>
